{
  "send_message1" : {
    "transaction" : "send_message1",
    "sampleCount" : 776,
    "errorCount" : 0,
    "errorPct" : 0.0,
    "meanResTime" : 17.814432989690747,
    "medianResTime" : 16.0,
    "minResTime" : 4.0,
    "maxResTime" : 53.0,
    "pct1ResTime" : 28.300000000000068,
    "pct2ResTime" : 32.0,
    "pct3ResTime" : 42.0,
    "throughput" : 13.051668460710442,
    "receivedKBytesPerSec" : 0.9559327485871905,
    "sentKBytesPerSec" : 6.130715360939182
  },
  "send_message2" : {
    "transaction" : "send_message2",
    "sampleCount" : 776,
    "errorCount" : 0,
    "errorPct" : 0.0,
    "meanResTime" : 14.88659793814433,
    "medianResTime" : 14.0,
    "minResTime" : 5.0,
    "maxResTime" : 62.0,
    "pct1ResTime" : 23.0,
    "pct2ResTime" : 28.0,
    "pct3ResTime" : 40.23000000000002,
    "throughput" : 13.051009939622261,
    "receivedKBytesPerSec" : 0.9558845170621773,
    "sentKBytesPerSec" : 5.7353071023730635
  },
  "Total" : {
    "transaction" : "Total",
    "sampleCount" : 3204,
    "errorCount" : 0,
    "errorPct" : 0.0,
    "meanResTime" : 1913.2134831460667,
    "medianResTime" : 16.0,
    "minResTime" : 2.0,
    "maxResTime" : 9480.0,
    "pct1ResTime" : 8029.0,
    "pct2ResTime" : 8544.5,
    "pct3ResTime" : 9175.249999999996,
    "throughput" : 47.55190786446816,
    "receivedKBytesPerSec" : 12.831610066749283,
    "sentKBytesPerSec" : 18.130069272325205
  },
  "login" : {
    "transaction" : "login",
    "sampleCount" : 876,
    "errorCount" : 0,
    "errorPct" : 0.0,
    "meanResTime" : 6961.707762557062,
    "medianResTime" : 7690.5,
    "minResTime" : 334.0,
    "maxResTime" : 9480.0,
    "pct1ResTime" : 8886.1,
    "pct2ResTime" : 9118.65,
    "pct3ResTime" : 9306.23,
    "throughput" : 13.001083423618635,
    "receivedKBytesPerSec" : 3.707340195016251,
    "sentKBytesPerSec" : 3.2502708559046587
  },
  "list_messages" : {
    "transaction" : "list_messages",
    "sampleCount" : 776,
    "errorCount" : 0,
    "errorPct" : 0.0,
    "meanResTime" : 7.865979381443292,
    "medianResTime" : 7.0,
    "minResTime" : 2.0,
    "maxResTime" : 41.0,
    "pct1ResTime" : 13.0,
    "pct2ResTime" : 16.0,
    "pct3ResTime" : 22.230000000000018,
    "throughput" : 13.051448946297324,
    "receivedKBytesPerSec" : 8.428146470348318,
    "sentKBytesPerSec" : 4.996257799754444
  }
}