{
  "send_message1" : {
    "transaction" : "send_message1",
    "sampleCount" : 662,
    "errorCount" : 0,
    "errorPct" : 0.0,
    "meanResTime" : 9.811178247734134,
    "medianResTime" : 9.0,
    "minResTime" : 2.0,
    "maxResTime" : 33.0,
    "pct1ResTime" : 16.0,
    "pct2ResTime" : 19.0,
    "pct3ResTime" : 27.110000000000014,
    "throughput" : 11.143280366280637,
    "receivedKBytesPerSec" : 0.816158229952195,
    "sentKBytesPerSec" : 5.234294781426744
  },
  "send_message2" : {
    "transaction" : "send_message2",
    "sampleCount" : 662,
    "errorCount" : 0,
    "errorPct" : 0.0,
    "meanResTime" : 8.314199395770396,
    "medianResTime" : 8.0,
    "minResTime" : 2.0,
    "maxResTime" : 33.0,
    "pct1ResTime" : 13.0,
    "pct2ResTime" : 16.0,
    "pct3ResTime" : 25.370000000000005,
    "throughput" : 11.141779991921368,
    "receivedKBytesPerSec" : 0.8160483392520533,
    "sentKBytesPerSec" : 4.89629003551232
  },
  "Total" : {
    "transaction" : "Total",
    "sampleCount" : 2748,
    "errorCount" : 0,
    "errorPct" : 0.0,
    "meanResTime" : 2291.4883551673947,
    "medianResTime" : 9.0,
    "minResTime" : 2.0,
    "maxResTime" : 11098.0,
    "pct1ResTime" : 9967.3,
    "pct2ResTime" : 10276.65,
    "pct3ResTime" : 10807.629999999997,
    "throughput" : 39.14418392638387,
    "receivedKBytesPerSec" : 8.025793535974758,
    "sentKBytesPerSec" : 14.896994788253897
  },
  "login" : {
    "transaction" : "login",
    "sampleCount" : 762,
    "errorCount" : 0,
    "errorPct" : 0.0,
    "meanResTime" : 8242.63254593176,
    "medianResTime" : 9675.5,
    "minResTime" : 352.0,
    "maxResTime" : 11098.0,
    "pct1ResTime" : 10534.8,
    "pct2ResTime" : 10753.8,
    "pct3ResTime" : 10971.18,
    "throughput" : 10.854391612774565,
    "receivedKBytesPerSec" : 3.0951976083302473,
    "sentKBytesPerSec" : 2.7135979031936412
  },
  "list_messages" : {
    "transaction" : "list_messages",
    "sampleCount" : 662,
    "errorCount" : 0,
    "errorPct" : 0.0,
    "meanResTime" : 6.231117824773416,
    "medianResTime" : 5.0,
    "minResTime" : 2.0,
    "maxResTime" : 28.0,
    "pct1ResTime" : 10.0,
    "pct2ResTime" : 12.0,
    "pct3ResTime" : 21.370000000000005,
    "throughput" : 11.14159247353451,
    "receivedKBytesPerSec" : 4.193497468106771,
    "sentKBytesPerSec" : 4.26514086877493
  }
}